utc,mem,cpu,status
2026-07-29T17:13:29Z,8.77MiB,0.34%,200
2026-07-29T17:18:33Z,8.844MiB,0.28%,200
2026-07-29T17:23:37Z,9.434MiB,0.35%,200
2026-07-29T17:28:42Z,9.504MiB,0.36%,200
2026-07-29T17:33:46Z,9.957MiB,0.31%,200
2026-07-29T17:38:50Z,9.969MiB,0.36%,200
2026-07-29T17:43:54Z,9.922MiB,0.37%,200
2026-07-29T17:48:58Z,9.922MiB,0.33%,200
2026-07-29T17:54:03Z,9.922MiB,0.32%,200
2026-07-29T17:59:07Z,10MiB,0.37%,200
2026-07-29T18:04:11Z,10.06MiB,0.36%,200
2026-07-29T18:09:15Z,10.07MiB,0.35%,200
2026-07-29T18:14:19Z,10.1MiB,0.28%,200
2026-07-29T18:19:24Z,10.07MiB,0.38%,200
2026-07-29T18:24:28Z,10.11MiB,0.38%,200
2026-07-29T18:29:32Z,10.13MiB,0.36%,200
2026-07-29T18:34:36Z,10.16MiB,0.35%,200
2026-07-29T18:39:40Z,10.22MiB,0.32%,200
2026-07-29T18:44:44Z,10.31MiB,0.35%,200
2026-07-29T18:49:48Z,10.35MiB,0.36%,200
2026-07-29T18:54:53Z,10.35MiB,0.33%,200
2026-07-29T18:59:57Z,10.36MiB,0.36%,200
2026-07-29T19:05:01Z,10.35MiB,0.33%,200
2026-07-29T19:10:05Z,10.36MiB,0.28%,200
2026-07-29T19:15:09Z,10.37MiB,0.38%,200
2026-07-29T19:20:13Z,10.46MiB,0.37%,200
2026-07-29T19:25:18Z,10.47MiB,0.31%,200
2026-07-29T19:30:22Z,10.43MiB,0.35%,200
2026-07-29T19:35:26Z,10.44MiB,0.27%,200
2026-07-29T19:40:30Z,10.47MiB,0.31%,200
2026-07-29T19:45:34Z,9.941MiB,0.31%,200
2026-07-29T19:50:38Z,9.941MiB,0.36%,200
2026-07-29T19:55:43Z,10MiB,0.32%,200
2026-07-29T20:00:47Z,10.01MiB,0.35%,200
2026-07-29T20:05:51Z,9.973MiB,0.32%,200
2026-07-29T20:10:55Z,9.98MiB,0.33%,200
2026-07-29T20:15:59Z,9.5MiB,0.36%,200
2026-07-29T20:21:04Z,9.504MiB,0.33%,200
2026-07-29T20:26:08Z,9.477MiB,0.32%,200
2026-07-29T20:31:12Z,9.551MiB,0.34%,200
2026-07-29T20:36:16Z,9.562MiB,0.28%,200
2026-07-29T20:41:20Z,9.508MiB,0.31%,200
2026-07-29T20:46:25Z,9.512MiB,0.23%,200
2026-07-29T20:51:29Z,9.512MiB,0.34%,200
2026-07-29T20:56:33Z,9.473MiB,0.32%,200
2026-07-29T21:01:37Z,9.43MiB,0.33%,200
2026-07-29T21:06:41Z,9.484MiB,0.33%,200
2026-07-29T21:11:45Z,9.75MiB,0.34%,200
2026-07-29T21:16:50Z,9.539MiB,0.27%,200
2026-07-29T21:21:54Z,9.484MiB,0.35%,200
